{"cameraMode":{"drawMode":0,"name":"Shaded","section":"Shading Mode"},"sceneLighting":false,"audioPlay":false,"sceneViewState":{"showFog":true,"showMaterialUpdate":false,"showSkybox":true,"showFlares":true,"showImageEffects":true,"showParticleSystems":true},"in2DMode":false,"pivot":{"x":-1.7537323236465455,"y":0.7758727073669434,"z":-1.055838704109192},"rotation":{"x":-0.01929682120680809,"y":-0.5140061378479004,"z":0.011567085981369019,"w":-0.8574914336204529},"size":1.5029044151306153,"orthographic":false}